{"M_G3C5_M M_G3C5H1_M": [-0.06667420638688261, 0.18540618737068845, 0.016452138724940408, -2.5502040405439366], "M_G3C4_M M_G3C4H1_M": [0.012965411277456512, 0.21764905103500226, 0.019313230220414923, -0.5137675582617952], "M_G3C4_M M_G3C4H2_M": [-0.062302417026442715, 0.17032627266134517, 0.015114012677062852, -1000], "M_G3_M M_G3H1_M": [-0.22565755223989636, 0.1173315924907716, 0.0104114952356845, -0.4134218717609617], "M_G3_M M_G3H2_M": [-0.24153315904370246, 0.11906527616274588, 0.01056533478484398, -1.9841086920275481], "M_G2_M M_G2H1_M": [-0.23189866761247332, 0.11694893666005741, 0.010377540021459474, -6.852611843827519], "M_G1_M M_G1H1_M": [-0.21608576948366542, 0.12482694298403026, 0.011076600040739334, -20.529478480123814], "M_G1_M M_G1H2_M": [-0.051237377224473205, 0.1504567139187397, 0.013350874448115169, -4.640909352053054]}