{"M_G3C5_M M_G3C5H1_M": [-0.07982907088642127, 0.14700894777129253, 0.013044934674726992, 1.9063123696776774], "M_G3C4_M M_G3C4H1_M": [0.008121691343006355, 0.17798292774802252, 0.015793430950214564, 5.860628876858248], "M_G3C4_M M_G3C4H2_M": [-0.0759604522556831, 0.1384266964793594, 0.012283383019792822, 0.0], "M_G3_M M_G3H1_M": [-0.21477149018733846, 0.14703118367072085, 0.013046907791737037, 7.438360358352901], "M_G3_M M_G3H2_M": [-0.2297860570465335, 0.12364678471593415, 0.010971877928605702, 4.846306280829079], "M_G2_M M_G2H1_M": [-0.22659279526241338, 0.14743409280820086, 0.013082660196321648, 0.18397105612983328], "M_G1_M M_G1H1_M": [-0.22635902729843627, 0.13631789271104272, 0.012096256944703117, 1.247272140209179e-09], "M_G1_M M_G1H2_M": [-0.031496121169951014, 0.15725118641029087, 0.013953786387457834, 1.7345396815411154]}