{"M_G3N6C3_M M_G3N6C3H1_M": [0.011194507256863964, 0.012606340507090596, 0.0007894396647230812, 1266.7212513964305], "M_G3N6C3_M M_G3N6C3H2_M": [0.012556108419972508, 0.012810489595040251, 0.0008022239765107766, 1246.534670216961], "M_G3N6C3_M M_G3N6C3H3_M": [0.011072063111481975, 0.012437681422695402, 0.0007788778231670362, 1283.8984116069028], "M_G3N6C2_M M_G3N6C2H1_M": [0.010848425354900718, 0.01325620896638464, 0.0008301360062450823, 1204.6218842178114], "M_G3N6C2_M M_G3N6C2H2_M": [0.011623216815019625, 0.0134072348731322, 0.0008395936153839307, 1191.0524111628915], "M_G3N6C2_M M_G3N6C2H3_M": [0.01271747360208013, 0.011838775040207266, 0.0007413728506870357, 1348.8489618594647], "M_G3N6C1_M M_G3N6C1H1_M": [0.011474031068137852, 0.013078820477954155, 0.0008190275082036777, 1220.960211938715], "M_G3N6C1_M M_G3N6C1H2_M": [0.01233700427114814, 0.013238534924837704, 0.0008290292148312485, 1206.2301087948429], "M_G3N6C1_M M_G3N6C1H3_M": [0.011184114305985584, 0.013417543583475538, 0.0008402391718666066, 1190.137324564959], "M_G3C5_M M_G3C5H1_M": [-0.07783234282851476, 0.019291824588051273, 0.0012081009176391465, 0.0], "M_G3C5_M M_G3C5H2_M": [-0.07681532994594743, 0.021635036730723804, 0.0013548385539298685, 0.0], "M_G3C4_M M_G3C4H1_M": [0.03513868775523067, 0.02295080261000665, 0.0014372350094286612, 208.71637812674192], "M_G3C4_M M_G3C4H2_M": [0.03311088417774987, 0.02244923738131522, 0.0014058257764516361, 17.02157581439558], "M_G3_M M_G3H1_M": [-0.22171781910531574, 0.03405361543173994, 0.002132520118262765, 468.9284811961242], "M_G3_M M_G3H2_M": [-0.2453598741125555, 0.02448072841988624, 0.0015330426799991333, 652.267012657181], "M_G2_M M_G2H1_M": [-0.19200283194668744, 0.038732445239576495, 0.0024255198062148164, 404.8656794425671], "M_G1_M M_G1H1_M": [-0.1730828789256295, 0.04443825710282047, 0.0027828316051273358, 0.0], "M_G1_M M_G1H2_M": [-0.03994657100622841, 0.03471418269227632, 0.002173886444707111, 0.0]}