{"M_G3N6C3_M M_G3N6C3H1_M": [[0.00111083, 0.02]], "M_G3N6C3_M M_G3N6C3H2_M": [[0.00111083, 0.02]], "M_G3N6C3_M M_G3N6C3H3_M": [[0.00111083, 0.02]], "M_G3N6C2_M M_G3N6C2H1_M": [[0.00111083, 0.02]], "M_G3N6C2_M M_G3N6C2H2_M": [[0.00111083, 0.02]], "M_G3N6C2_M M_G3N6C2H3_M": [[0.00111083, 0.02]], "M_G3N6C1_M M_G3N6C1H1_M": [[0.00111083, 0.02]], "M_G3N6C1_M M_G3N6C1H2_M": [[0.00111083, 0.02]], "M_G3N6C1_M M_G3N6C1H3_M": [[0.00111083, 0.02]], "M_G3C5_M M_G3C5H1_M": [[-0.04478707, 0.02]], "M_G3C5_M M_G3C5H2_M": [[-0.04478707, 0.02]], "M_G3C4_M M_G3C4H1_M": [[0.05589248, 0.02]], "M_G3C4_M M_G3C4H2_M": [[0.05589248, 0.02]], "M_G3_M M_G3H1_M": [[-0.23134863, 0.02]], "M_G3_M M_G3H2_M": [[-0.23134863, 0.02]], "M_G2_M M_G2H1_M": [[-0.20691616, 0.02]], "M_G1_M M_G1H1_M": [[0.0, 0.02]], "M_G1_M M_G1H2_M": [[-0.14991575, 0.02]]}