{"M_G3N6C3_M M_G3N6C3H1_M": [0.01678, 0.07836, 0.00693, 105.9155050122975], "M_G3N6C3_M M_G3N6C3H2_M": [-0.00857, 0.03096, 0.00274, 364.9332474755886], "M_G3N6C3_M M_G3N6C3H3_M": [-0.0065, 0.03723, 0.00329, 303.92612770813776], "M_G3N6C2_M M_G3N6C2H1_M": [0.01636, 0.07843, 0.00693, 108.73014772068345], "M_G3N6C2_M M_G3N6C2H2_M": [-0.00679, 0.03564, 0.00315, 317.440868103994], "M_G3N6C2_M M_G3N6C2H3_M": [-0.00798, 0.03262, 0.00288, 347.19584684902253], "M_G3N6C1_M M_G3N6C1H1_M": [0.01547, 0.07831, 0.00692, 114.52400273446275], "M_G3N6C1_M M_G3N6C1H2_M": [-0.00829, 0.03106, 0.00275, 363.615256736164], "M_G3N6C1_M M_G3N6C1H3_M": [-0.0078, 0.03108, 0.00275, 363.6263265220154], "M_G3C5_M M_G3C5H1_M": [0.03988, 0.06762, 0.00598, 2.4736469423763268e-25], "M_G3C5_M M_G3C5H2_M": [0.07349, 0.07308, 0.00646, 2.2383840287559106e-50], "M_G3C4_M M_G3C4H1_M": [0.0998, 0.09941, 0.00879, 0.3715055219635601], "M_G3C4_M M_G3C4H2_M": [0.15025, 0.13494, 0.01193, 1.9200251510061884e-08], "M_G3_M M_G3H1_M": [-0.28667, 0.05743, 0.00508, 3.519057311518557e-10], "M_G3_M M_G3H2_M": [-0.16796, 0.11723, 0.01036, 0.001357673063578453], "M_G2_M M_G2H1_M": [-0.14901, 0.11395, 0.01007, 0.008293888320705985], "M_G1_M M_G1H1_M": [0.20587, 0.17152, 0.01516, 4.8643775511872966e-33], "M_G1_M M_G1H2_M": [0.1026, 0.12345, 0.01091, 4.012227364575015e-99]}