{"M_G3N6C3_M M_G3N6C3H1_M": [0.01678, 0.07836, 0.00693, 4.662641653715479], "M_G3N6C3_M M_G3N6C3H2_M": [-0.00857, 0.03096, 0.00274, 5.899714453228717], "M_G3N6C3_M M_G3N6C3H3_M": [-0.0065, 0.03723, 0.00329, 5.716784670916631], "M_G3N6C2_M M_G3N6C2H1_M": [0.01636, 0.07843, 0.00693, 4.688869103609705], "M_G3N6C2_M M_G3N6C2H2_M": [-0.00679, 0.03564, 0.00315, 5.7602915587953705], "M_G3N6C2_M M_G3N6C2H3_M": [-0.00798, 0.03262, 0.00288, 5.849889020874278], "M_G3N6C1_M M_G3N6C1H1_M": [0.01547, 0.07831, 0.00692, 4.740784431893484], "M_G3N6C1_M M_G3N6C1H2_M": [-0.00829, 0.03106, 0.00275, 5.896096321643491], "M_G3N6C1_M M_G3N6C1H3_M": [-0.0078, 0.03108, 0.00275, 5.896126764858256], "M_G3C5_M M_G3C5H1_M": [0.03988, 0.06762, 0.00598, -56.65893376826888], "M_G3C5_M M_G3C5H2_M": [0.07349, 0.07308, 0.00646, -114.32350045991485], "M_G3C4_M M_G3C4H1_M": [0.0998, 0.09941, 0.00879, -0.9901915509682764], "M_G3C4_M M_G3C4H2_M": [0.15025, 0.13494, 0.01193, -17.768342458516084], "M_G3_M M_G3H1_M": [-0.28667, 0.05743, 0.00508, -21.767657785425428], "M_G3_M M_G3H2_M": [-0.16796, 0.11723, 0.01036, -6.6019830272996725], "M_G2_M M_G2H1_M": [-0.14901, 0.11395, 0.01007, -4.792236382319016], "M_G1_M M_G1H1_M": [0.20587, 0.17152, 0.01516, -74.40336930560859], "M_G1_M M_G1H2_M": [0.1026, 0.12345, 0.01091, -226.56657766678623]}