{"M_G3N6C3_M M_G3N6C3H1_M": [0.01678, 0.07836, 0.00693, 8.817107962360982], "M_G3N6C3_M M_G3N6C3H2_M": [-0.00857, 0.03096, 0.00274, 19.102434237809508], "M_G3N6C3_M M_G3N6C3H3_M": [-0.0065, 0.03723, 0.00329, 17.43275336058685], "M_G3N6C2_M M_G3N6C2H1_M": [0.01636, 0.07843, 0.00693, 9.051417458713093], "M_G3N6C2_M M_G3N6C2H2_M": [-0.00679, 0.03564, 0.00315, 17.816324535078625], "M_G3N6C2_M M_G3N6C2H3_M": [-0.00798, 0.03262, 0.00288, 18.632484361440493], "M_G3N6C1_M M_G3N6C1H1_M": [0.01547, 0.07831, 0.00692, 9.526855233500546], "M_G3N6C1_M M_G3N6C1H2_M": [-0.00829, 0.03106, 0.00275, 19.068144929727502], "M_G3N6C1_M M_G3N6C1H3_M": [-0.0078, 0.03108, 0.00275, 19.068725434194917], "M_G3C5_M M_G3C5H1_M": [0.03988, 0.06762, 0.00598, 1.9128825523083203e-26], "M_G3C5_M M_G3C5H2_M": [0.07349, 0.07308, 0.00646, 1.7990815814971936e-51], "M_G3C4_M M_G3C4H1_M": [0.0998, 0.09941, 0.00879, 0.034830500162162145], "M_G3C4_M M_G3C4H2_M": [0.15025, 0.13494, 0.01193, 2.097138626922915e-09], "M_G3_M M_G3H1_M": [-0.28667, 0.05743, 0.00508, 2.50817708620626e-11], "M_G3_M M_G3H2_M": [-0.16796, 0.11723, 0.01036, 0.00013818951077700854], "M_G2_M M_G2H1_M": [-0.14901, 0.11395, 0.01007, 0.000832286630678864], "M_G1_M M_G1H1_M": [0.20587, 0.17152, 0.01516, 5.989311157730103e-34], "M_G1_M M_G1H2_M": [0.1026, 0.12345, 0.01091, 4.190809414865298e-100]}