{"M_G3N6C3_M M_G3N6C3H1_M": [0.01678, 0.07836, 0.00693, 0.7339944497352218], "M_G3N6C3_M M_G3N6C3H2_M": [-0.00857, 0.03096, 0.00274, 0.9999170980831127], "M_G3N6C3_M M_G3N6C3H3_M": [-0.0065, 0.03723, 0.00329, 0.9999169601597733], "M_G3N6C2_M M_G3N6C2H1_M": [0.01636, 0.07843, 0.00693, 0.7534999237043364], "M_G3N6C2_M M_G3N6C2H2_M": [-0.00679, 0.03564, 0.00315, 0.9999387345275811], "M_G3N6C2_M M_G3N6C2H3_M": [-0.00798, 0.03262, 0.00288, 0.999924038925185], "M_G3N6C1_M M_G3N6C1H1_M": [0.01547, 0.07831, 0.00692, 0.7925060989224822], "M_G3N6C1_M M_G3N6C1H2_M": [-0.00829, 0.03106, 0.00275, 0.9999419560244509], "M_G3N6C1_M M_G3N6C1H3_M": [-0.0078, 0.03108, 0.00275, 0.9999723979355423], "M_G3C5_M M_G3C5H1_M": [0.03988, 0.06762, 0.00598, 1.4792408715410433e-27], "M_G3C5_M M_G3C5H2_M": [0.07349, 0.07308, 0.00646, 1.4459960825763182e-52], "M_G3C4_M M_G3C4H1_M": [0.0998, 0.09941, 0.00879, 0.0032655335380596933], "M_G3C4_M M_G3C4H2_M": [0.15025, 0.13494, 0.01193, 2.2905900051503824e-10], "M_G3_M M_G3H1_M": [-0.28667, 0.05743, 0.00508, 1.787681114251427e-12], "M_G3_M M_G3H2_M": [-0.16796, 0.11723, 0.01036, 1.4065492938672772e-05], "M_G2_M M_G2H1_M": [-0.14901, 0.11395, 0.01007, 8.351945538950928e-05], "M_G1_M M_G1H1_M": [0.20587, 0.17152, 0.01516, 7.374396367599942e-35], "M_G1_M M_G1H2_M": [0.1026, 0.12345, 0.01091, 4.377340054751341e-101]}