{"M_G3N6C3_M M_G3N6C3H1_M": [0.01678, 0.07836, 0.00693, -0.3092538120648462], "M_G3N6C3_M M_G3N6C3H2_M": [-0.00857, 0.03096, 0.00274, -8.290535344115679e-05], "M_G3N6C3_M M_G3N6C3H3_M": [-0.0065, 0.03723, 0.00329, -8.304328822514309e-05], "M_G3N6C2_M M_G3N6C2H1_M": [0.01636, 0.07843, 0.00693, -0.28302636217062005], "M_G3N6C2_M M_G3N6C2H2_M": [-0.00679, 0.03564, 0.00315, -6.126734922462568e-05], "M_G3N6C2_M M_G3N6C2H3_M": [-0.00798, 0.03262, 0.00288, -7.596396000355327e-05], "M_G3N6C1_M M_G3N6C1H1_M": [0.01547, 0.07831, 0.00692, -0.23255507745907447], "M_G3N6C1_M M_G3N6C1H2_M": [-0.00829, 0.03106, 0.00275, -5.804566016583056e-05], "M_G3N6C1_M M_G3N6C1H3_M": [-0.0078, 0.03108, 0.00275, -2.7602445401723463e-05], "M_G3C5_M M_G3C5H1_M": [0.03988, 0.06762, 0.00598, -61.77826847928848], "M_G3C5_M M_G3C5H2_M": [0.07349, 0.07308, 0.00646, -119.36562642110248], "M_G3C4_M M_G3C4H1_M": [0.0998, 0.09941, 0.00879, -5.7243321182533276], "M_G3C4_M M_G3C4H2_M": [0.15025, 0.13494, 0.01193, -22.197041501388394], "M_G3_M M_G3H1_M": [-0.28667, 0.05743, 0.00508, -27.050101802817174], "M_G3_M M_G3H2_M": [-0.16796, 0.11723, 0.01036, -11.171786069450473], "M_G2_M M_G2H1_M": [-0.14901, 0.11395, 0.01007, -9.390430954570682], "M_G1_M M_G1H1_M": [0.20587, 0.17152, 0.01516, -78.59246420437651], "M_G1_M M_G1H2_M": [0.1026, 0.12345, 0.01091, -231.08465314592337]}