{"M_G3N6C3_M M_G3N6C3H1_M": [0.01547354529817198, 0.02017514867684713, 0.0010100207498462675, NaN], "M_G3N6C3_M M_G3N6C3H2_M": [0.015768584545095582, 0.019243533210963157, 0.0009633816411838198, NaN], "M_G3N6C3_M M_G3N6C3H3_M": [0.013553563444903724, 0.01834506848262375, 0.0009184021452126602, NaN], "M_G3N6C2_M M_G3N6C2H1_M": [0.01298153759282278, 0.017969334415962296, 0.0008995919143771522, NaN], "M_G3N6C2_M M_G3N6C2H2_M": [0.01671550120668879, 0.018917049800578276, 0.0009470370271117694, NaN], "M_G3N6C2_M M_G3N6C2H3_M": [0.014449361699753964, 0.019677876814465835, 0.000985126018840087, NaN], "M_G3N6C1_M M_G3N6C1H1_M": [0.013897595839013212, 0.018872551630685047, 0.0009448093322559727, NaN], "M_G3N6C1_M M_G3N6C1H2_M": [0.015448821694203117, 0.018699468722721907, 0.0009361443488505656, NaN], "M_G3N6C1_M M_G3N6C1H3_M": [0.015327293817821155, 0.019579356269662514, 0.0009801938224963888, NaN], "M_G3C5_M M_G3C5H1_M": [-0.11946074885694598, 0.06684973995759409, 0.003346672956937475, NaN], "M_G3C5_M M_G3C5H2_M": [-0.11902763901458545, 0.0657294882243621, 0.00329059022298895, NaN], "M_G3C4_M M_G3C4H1_M": [-0.012614149511870199, 0.07532320404820878, 0.003770876748031198, 0.0], "M_G3C4_M M_G3C4H2_M": [-0.003976225773591218, 0.08624889018122033, 0.0043178451930921844, 0.0], "M_G3_M M_G3H1_M": [-0.18928038321490775, 0.11913689594034087, 0.005964304843518234, NaN], "M_G3_M M_G3H2_M": [-0.19928629361087638, 0.09901471289188857, 0.004956935691663352, NaN], "M_G2_M M_G2H1_M": [-0.21250334115824412, 0.10368774348425326, 0.00519087983445776, NaN], "M_G1_M M_G1H1_M": [-0.18219910377872586, 0.11375863619138385, 0.005695055083255328, NaN], "M_G1_M M_G1H2_M": [-0.014962370307841302, 0.13360829850116157, 0.006688781133627611, NaN]}