{"M_G3N6C3_M M_G3N6C3H1_M": [0.01098086138092334, 0.013866197221292793, 0.0006941781267286815, NaN], "M_G3N6C3_M M_G3N6C3H2_M": [0.011205145138510307, 0.013875989357634615, 0.0006946683467042058, NaN], "M_G3N6C3_M M_G3N6C3H3_M": [0.011337494102870422, 0.014337127068148388, 0.0007177541074892063, NaN], "M_G3N6C2_M M_G3N6C2H1_M": [0.011763522706294806, 0.01403492736058357, 0.0007026251991412735, NaN], "M_G3N6C2_M M_G3N6C2H2_M": [0.011036814759821488, 0.015047271625203475, 0.0007533058027705971, NaN], "M_G3N6C2_M M_G3N6C2H3_M": [0.011585998484492113, 0.014778253801296402, 0.0007398380663699009, NaN], "M_G3N6C1_M M_G3N6C1H1_M": [0.01225876777148708, 0.014052404608540743, 0.0007035001559195206, NaN], "M_G3N6C1_M M_G3N6C1H2_M": [0.010335427350746423, 0.015046196588663375, 0.0007532519836275645, NaN], "M_G3N6C1_M M_G3N6C1H3_M": [0.009669279323320795, 0.014203898008619638, 0.0007110843120511699, NaN], "M_G3C5_M M_G3C5H1_M": [-0.06983616374780595, 0.022955368097929425, 0.001149205811101416, NaN], "M_G3C5_M M_G3C5H2_M": [-0.07050869132898213, 0.024848547222816493, 0.0012439833133612189, NaN], "M_G3C4_M M_G3C4H1_M": [0.0440824591532695, 0.02483685297870094, 0.0012433978688919033, 255.10239933818184], "M_G3C4_M M_G3C4H2_M": [0.038249481760626265, 0.0248787991161186, 0.0012454978023222012, 0.0], "M_G3_M M_G3H1_M": [-0.2167880601028764, 0.037940676359957834, 0.0018994095657265688, NaN], "M_G3_M M_G3H2_M": [-0.23800815810400885, 0.030290717746647444, 0.001516432614296432, NaN], "M_G2_M M_G2H1_M": [-0.18680143289977388, 0.044794405736242375, 0.0022425251974751673, NaN], "M_G1_M M_G1H1_M": [-0.16451665339762994, 0.0545739058570436, 0.002732112570700757, NaN], "M_G1_M M_G1H2_M": [-0.044090496237853036, 0.04479313891341456, 0.002242461777008584, NaN]}